Audi A1,82,5,citadine,5.7,manuelle,21500,a1.jpg
Audi A2,75,5,citadine,5.9,manuelle,4970,a2.jpg
Audi A3,150,5,citadine,6.4,manuelle,28630,a3.jpg
Audi A4,240,5,citadine,8.3,manuelle,34350,a4.jpg
Audi A5,245,5,sportive,7.1,automatique,43440,a5.jpg
Audi A6,245,5,sportive,7.8,automatique,49300,a6.jpg
BMW Serie1,80,5,citadine,7.3,manuelle,24850,serie1.png
BMW Serie3,75,5,citadine,4.5,manuelle,41700,serie3.jpg
BMW X1,85,5,citadine,7.1,manuelle,33950,x1.jpg
BMW X3,110,5,suv,11.0,manuelle,45300,x3.jpg
BMW X5,170,5,suv,13.0,automatique,66050,x5.jpg
Citroen C3,110,5,citadine,6.1,manuelle,15300,c3.jpg
Citroen C4,75,5,citadine,4.2,manuelle,20900,c4.jpg
Citroen C5,96,5,citadine,1.4,manuelle,26050,c5.jpg
Citroen Berlingo,75,7,utilitaire,4.1,manuelle,22600,berlingo.jpg
Peugeot 208,55,5,citadine,5.5,manuelle,16000,208.jpg
Peugeot 308,81,5,citadine,6.0,manuelle,25050,308.jpeg
Peugeot 508,120,5,citadine,7.8,manuelle,34581,508.jpg
Peugeot 2008,75,5,suv,6.8,manuelle,22400,2008.jpg
Peugeot 3008,96,5,suv,7.1,automatique,43355,3008.jpg
Renault Capture,66,5,citadine,7.7,manuelle,21750,capture.jpg
Renault Clio,48,5,citadine,6.9,manuelle,15300,clio.jpg
Renault kadjar,85,5,citadine,6.7,manuelle,20991,kadjar.jpg
Renault Megane,115,5,citadine,6.1,manuelle,24700,magane.jpg
Ferrari Roma,456,2,sportive,11.0,automatiques,198265,roma.jpg
Koenigsegg Regera,1115,2,sportive,15.6,automatique,2100000,regera.jpg
Bugatti Chiron,1500,2,sportive,23.5,automatique,3600000,chiron.jpg
Polo,59,5,citadine,6.4,manuelle,17260,polo.jpg
Tesla model S,1100,5,ï¿½lectrique,0.0,automatique,89990,models.jpg
Dacia Duster,66,2,citadine,7.65,manuelle,12490,duster.jpg